Jaarnommer;KABV-subonderwerp;KABV-strepie(s);Videoskrif se les;Begroting (woorde);Kwartaal
1;Plekke waar mense woon;Plekke om te woon: plaas, boeredorpie, dorp, stad;Les 1 Hoofsoorte nedersettings;400;1
2;Plekke waar mense woon;Werk wat mense doen op verskillende plekke;Les 2 Verskillende soorte werk;400;1
3;Plekke waar mense woon;Geboue in verskillende plekke en hul gebruike;Les 3 Geboue en hul gebruike;400;1
4;Plekke waar mense woon;Paaie en voetpaadjies - hoe hulle in nedersettings gebruik word;Les 4 Paaie;400;1
5;Plekke waar mense woon;Identifisering van bakens (natuurlik en menslik) + verduidelik hoe om van plek tot plek te reis;Les 5 Bakens;400;1
6;Plekke waar mense woon;Wat alle mense benodig: water, kos, skuiling, gesondheidsorg, energie;Les 6 Basiese behoeftes;400;1
7;Plekke waar mense woon;Maniere waarop mense in hulle behoeftes voorsien (stories);Les 7 Mense voorsien aan hul behoeftes;400;1
8;Kaartvaardighede;GEEN KABV-strepie - inleiding, dien afdeling 2.5 se kaartvaardighede;Les 1 Wat is 'n kaart;200;2
9;Kaartvaardighede;Die wereld is rond soos 'n bal - 'n kaart is plat;Les 2 Aardbol en wereldkaart;400;2
10;Kaartvaardighede;Sy-aansig en planaansig van eenvoudige voorwerpe;Les 3 Sy-aansig en planaansig;400;2
11;Kaartvaardighede;Simbole en sleutels;Les 4 Simbole en sleutels;400;2
12;Kaartvaardighede;Ruitverwysings (alfa-numeries);Les 5 Rooster en ruitverwysings;400;2
13;Kaartvaardighede;Kompasrigtings N, S, O, W;Les 6 Kompasrigtings;400;2
14;Kaartvaardighede;'n Kaart van Suid-Afrika: see en land, oseane, provinsies, hoofstede, eie nedersetting;Les 7 Kaart van Suid-Afrika;400;2
15;Kaartvaardighede;Kontinente - name en ligging, oseane, SA op Afrika;Les 8 Kontinente en oseane;400;2
16;Voedsel en boerdery in Suid-Afrika;Voedsel wat mense eet - vanaf plante en diere (klassifikasie);Les 1 Waar kos vandaan kom;400;3
17;Voedsel en boerdery in Suid-Afrika;Maniere waarop mense hul voedsel verkry - koop, verbou, versamel, visvang, JAG;Les 2 Maniere waarop mense kos kry;400;3
18;Voedsel en boerdery in Suid-Afrika;Bestaansboerdery, kommersiele boerdery, VERBOUING VAN VOEDSEL IN DORPE EN STEDE, gewasboerdery, vrugteboerdery-gevallestudie, veeboerdery;Les 3 Soorte boerdery;400;3
19;Voedsel en boerdery in Suid-Afrika;Ligging van hoof gewas- en veeboerderystreke (simbole op 'n kaart) + gevallestudie van veeboerdery;Les 4 Waar in SA geboer word;400;3
20;Voedsel en boerdery in Suid-Afrika;Onverwerkte en verwerkte voedsel, hoe en waarom, plaas-fabriek-winkel-huis;Les 5 Van koring tot toebroodjie;400;3
21;Voedsel en boerdery in Suid-Afrika;GEEN KABV-strepie - dien afdeling 2.5: interafhanklikheid, oorsaak en gevolg, omgee vir die planeet;Les 6 Uitdagings vir boere;400;3
22;Water in Suid-Afrika;Daaglikse gebruike in persoonlike lewens + ander gebruike (boerdery, fabrieke, myne, elektrisiteit, tuine, ontspanning);Les 1 Waarvoor ons water gebruik;400;4
23;Water in Suid-Afrika;Soutwater en varswater op aarde;Les 2 Soutwater en varswater;400;4
24;Water in Suid-Afrika;Die natuurlike watersiklus: see na land en terug na die see;Les 3 Die watersiklus;400;4
25;Water in Suid-Afrika;Varswater in die natuur: reen, riviere, strome, vleilande, mere en ondergronds;Les 4 Waar varswater voorkom;400;4
26;Water in Suid-Afrika;Berging van water: waarom mense water stoor en maniere om dit te stoor;Les 5 Hoe mense water stoor;400;4
27;Water in Suid-Afrika;Riviere, strome en fonteine, boorgate, vragmotors met waterhouers;Les 6 Hoe mense by water kom;400;4
28;Water in Suid-Afrika;Krane - pype van die damme na suiweringsaanlegte, reservoirs en krane;Les 7 Van die dam tot jou kraan;400;4
29;Water in Suid-Afrika;Besoedeling: persoonlik, fabriek- en plaasafval, afvalwater en hersirkulering van rioolvuil;Les 8 Waterbesoedeling;400;4
30;Water in Suid-Afrika;Die siklus van waterverbruik: onttrek, gebruik, terug na see;Les 9 Die siklus van waterverbruik;400;4
